time,open,high,low,close,vwap,volume,count
2024-05-19 04:02:00+00:00,67167.1,67167.1,67167.1,67167.1,67167.1,0.00044722,1
2024-05-19 04:03:00+00:00,67167.1,67167.2,67167.1,67167.1,67167.1,0.08597489,24
2024-05-19 04:04:00+00:00,67149.8,67149.8,67149.8,67149.8,67149.8,0.0200257,3
2024-05-19 04:05:00+00:00,67143.2,67143.2,67143.1,67143.2,67143.1,0.0021314,3
2024-05-19 04:06:00+00:00,67143.1,67143.2,67122.7,67122.7,67133.1,0.02284223,9
2024-05-19 04:07:00+00:00,67122.8,67122.8,67122.7,67122.8,67122.7,0.07307184,3
2024-05-19 04:08:00+00:00,67122.7,67122.7,67082.2,67082.2,67106.6,1.19783727,25
2024-05-19 04:09:00+00:00,67069.0,67069.0,67065.0,67065.1,67066.3,0.03160114,6
2024-05-19 04:10:00+00:00,67065.1,67065.1,67065.1,67065.1,67065.1,0.0022201,3
2024-05-19 04:11:00+00:00,67065.1,67065.1,67055.8,67056.8,67057.0,0.0459164,10
2024-05-19 04:12:00+00:00,67059.7,67061.0,67059.7,67060.9,67060.7,0.00831906,4
2024-05-19 04:13:00+00:00,67061.0,67061.0,67057.6,67057.6,67057.6,0.00176493,3
2024-05-19 04:14:00+00:00,67057.7,67057.7,67057.7,67057.7,67057.7,0.02255783,6
2024-05-19 04:15:00+00:00,67057.6,67057.7,67057.6,67057.7,67057.6,0.01577354,4
2024-05-19 04:16:00+00:00,67057.6,67057.7,67057.6,67057.7,67057.6,0.00041,3
2024-05-19 04:17:00+00:00,67060.9,67061.0,67060.9,67061.0,67060.9,0.10388495,8
2024-05-19 04:18:00+00:00,67061.0,67073.0,67061.0,67073.0,67067.5,0.00960617,9
2024-05-19 04:19:00+00:00,67073.5,67073.5,67060.9,67060.9,67062.4,0.00810654,3
2024-05-19 04:20:00+00:00,67061.0,67061.0,67061.0,67061.0,67061.0,0.0001,1
2024-05-19 04:21:00+00:00,67060.9,67060.9,67060.9,67060.9,67060.9,0.0001843,2
2024-05-19 04:22:00+00:00,67061.0,67061.0,67042.0,67042.1,67045.3,0.01046933,6
2024-05-19 04:23:00+00:00,67042.0,67042.0,67024.2,67024.2,67032.0,0.142164,6
2024-05-19 04:24:00+00:00,67024.1,67024.2,67024.1,67024.2,67024.1,0.00265981,2
2024-05-19 04:25:00+00:00,67024.1,67024.1,67024.1,67024.1,67024.1,0.00243443,5
2024-05-19 04:26:00+00:00,67024.2,67024.2,67024.1,67024.1,67024.1,0.00133647,3
2024-05-19 04:27:00+00:00,67024.1,67024.1,67007.2,67007.3,67019.7,0.01012219,9
2024-05-19 04:28:00+00:00,67007.3,67012.4,67007.3,67012.3,67012.2,0.20414467,9
2024-05-19 04:29:00+00:00,67012.4,67012.4,67012.3,67012.3,67012.3,0.00927487,5
2024-05-19 04:30:00+00:00,67012.4,67024.2,67012.4,67024.2,67018.6,0.02030168,11
2024-05-19 04:31:00+00:00,67024.2,67024.2,67024.1,67024.1,67024.1,0.00830373,8
2024-05-19 04:32:00+00:00,67024.1,67024.1,67012.5,67012.7,67021.9,0.52763495,7
2024-05-19 04:33:00+00:00,67012.9,67012.9,67012.9,67012.9,67012.9,0.02583821,6
2024-05-19 04:34:00+00:00,67012.8,67012.9,67012.8,67012.9,67012.8,0.000984,3
2024-05-19 04:35:00+00:00,67014.1,67017.2,67014.1,67017.2,67016.8,0.00284036,6
2024-05-19 04:36:00+00:00,67017.2,67024.1,67017.2,67024.1,67021.2,0.04526136,5
2024-05-19 04:37:00+00:00,67024.1,67024.2,67024.1,67024.2,67024.1,0.01697731,6
2024-05-19 04:38:00+00:00,67024.1,67024.2,67024.1,67024.2,67024.1,0.01593587,3
2024-05-19 04:39:00+00:00,67024.2,67024.2,67024.2,67024.2,67024.2,0.010222,2
2024-05-19 04:40:00+00:00,67024.2,67036.6,67024.2,67036.5,67025.9,0.107147,11
2024-05-19 04:41:00+00:00,67036.6,67040.3,67036.6,67040.2,67040.1,0.02096499,5
2024-05-19 04:42:00+00:00,67040.3,67058.2,67040.3,67058.2,67051.5,0.01727351,7
2024-05-19 04:43:00+00:00,67060.8,67061.0,67060.8,67061.0,67060.9,0.01745144,7
2024-05-19 04:44:00+00:00,67061.0,67062.7,67061.0,67062.7,67061.1,0.0144368,5
2024-05-19 04:45:00+00:00,67062.7,67062.7,67062.7,67062.7,67062.7,0.00130359,3
2024-05-19 04:46:00+00:00,67062.7,67084.4,67062.7,67084.4,67082.4,0.04534568,11
2024-05-19 04:47:00+00:00,67085.6,67088.1,67085.6,67088.1,67088.0,0.7476241,7
2024-05-19 04:48:00+00:00,67076.7,67081.8,67076.6,67081.8,67077.3,0.00908995,3
2024-05-19 04:49:00+00:00,67081.8,67081.8,67081.8,67081.8,67081.8,0.0014,3
2024-05-19 04:50:00+00:00,67081.8,67091.0,67081.8,67091.0,67088.0,0.00764088,5
2024-05-19 04:51:00+00:00,67091.1,67091.4,67091.1,67091.4,67091.1,0.15782889,4
2024-05-19 04:52:00+00:00,67091.4,67091.4,67091.3,67091.4,67091.3,0.00810256,7
2024-05-19 04:53:00+00:00,67091.4,67091.4,67091.4,67091.4,67091.4,0.0003,1
2024-05-19 04:54:00+00:00,67091.3,67096.0,67091.3,67096.0,67094.1,0.00543566,5
2024-05-19 04:55:00+00:00,67096.0,67096.0,67095.9,67096.0,67095.9,0.01524594,5
2024-05-19 04:56:00+00:00,67096.0,67096.0,67095.9,67096.0,67095.9,0.0109314,5
2024-05-19 04:57:00+00:00,67095.9,67095.9,67095.9,67095.9,67095.9,0.00179158,1
2024-05-19 04:58:00+00:00,67096.0,67096.0,67095.9,67095.9,67095.9,0.01434039,5
2024-05-19 04:59:00+00:00,67096.0,67102.7,67096.0,67102.6,67097.3,0.0600423,12
2024-05-19 05:00:00+00:00,67102.7,67102.7,67102.6,67102.7,67102.6,0.0972416,9
2024-05-19 05:01:00+00:00,67102.7,67102.7,67102.7,67102.7,67102.7,0.00279658,3
2024-05-19 05:02:00+00:00,67102.6,67102.7,67102.6,67102.6,67102.6,0.0303568,9
2024-05-19 05:03:00+00:00,67102.7,67125.7,67102.7,67125.6,67114.6,0.01535545,10
2024-05-19 05:04:00+00:00,67109.9,67109.9,67109.8,67109.9,67109.8,0.01542827,7
2024-05-19 05:05:00+00:00,67109.9,67130.3,67109.9,67130.3,67126.7,1.10205026,16
2024-05-19 05:06:00+00:00,67123.7,67123.7,67118.7,67118.7,67123.5,0.00043074,2
2024-05-19 05:07:00+00:00,67109.9,67109.9,67109.8,67109.8,67109.8,0.001188,3
2024-05-19 05:08:00+00:00,67105.5,67105.6,67105.5,67105.6,67105.5,0.0411382,4
2024-05-19 05:09:00+00:00,67105.6,67109.8,67105.6,67109.7,67109.6,1.80097623,11
2024-05-19 05:10:00+00:00,67109.8,67109.8,67109.8,67109.8,67109.8,0.0031242,5
2024-05-19 05:11:00+00:00,67109.8,67109.8,67109.7,67109.7,67109.7,0.14624084,7
2024-05-19 05:12:00+00:00,67105.5,67105.5,67105.4,67105.4,67105.4,0.00742054,5
2024-05-19 05:13:00+00:00,67105.5,67105.5,67105.5,67105.5,67105.5,0.0003,1
2024-05-19 05:14:00+00:00,67107.6,67107.6,67105.5,67105.5,67105.9,0.00109673,3
2024-05-19 05:15:00+00:00,67105.4,67105.5,67105.4,67105.5,67105.4,0.018072,5
2024-05-19 05:16:00+00:00,67105.4,67107.7,67105.4,67107.7,67105.7,0.02568144,4
2024-05-19 05:17:00+00:00,67107.7,67107.8,67107.7,67107.8,67107.7,0.01703937,6
2024-05-19 05:18:00+00:00,67107.7,67107.7,67100.0,67100.1,67103.6,0.00993195,11
2024-05-19 05:19:00+00:00,67100.1,67100.1,67091.3,67091.3,67097.3,0.00549654,13
2024-05-19 05:20:00+00:00,67091.3,67091.4,67091.3,67091.4,67091.3,0.0005,2
2024-05-19 05:21:00+00:00,67091.4,67094.0,67091.4,67094.0,67093.7,0.01277811,6
2024-05-19 05:22:00+00:00,67096.5,67096.5,67096.4,67096.4,67096.4,0.00052876,2
2024-05-19 05:23:00+00:00,67096.5,67096.5,67096.5,67096.5,67096.5,0.00238317,3
2024-05-19 05:24:00+00:00,67096.5,67096.5,67096.4,67096.5,67096.4,0.00958155,10
2024-05-19 05:25:00+00:00,67096.5,67096.5,67096.5,67096.5,67096.5,0.0003,1
2024-05-19 05:26:00+00:00,67103.6,67103.6,67103.6,67103.6,67103.6,0.017892,1
2024-05-19 05:27:00+00:00,67103.7,67103.7,67103.6,67103.7,67103.6,0.01745227,8
2024-05-19 05:28:00+00:00,67103.7,67103.7,67103.6,67103.7,67103.6,0.00354864,7
2024-05-19 05:29:00+00:00,67103.7,67103.7,67103.7,67103.7,67103.7,0.0003,1
2024-05-19 05:30:00+00:00,67103.7,67107.7,67103.7,67107.7,67106.0,0.00071608,2
2024-05-19 05:31:00+00:00,67107.7,67119.3,67107.7,67119.3,67116.5,0.02571385,6
2024-05-19 05:32:00+00:00,67119.3,67119.3,67119.2,67119.3,67119.2,0.01990348,8
2024-05-19 05:33:00+00:00,67125.6,67125.6,67125.5,67125.5,67125.5,0.02960821,3
2024-05-19 05:34:00+00:00,67125.6,67125.6,67125.6,67125.6,67125.6,0.0003,1
2024-05-19 05:35:00+00:00,67125.6,67125.6,67125.6,67125.6,67125.6,0.0005,3
2024-05-19 05:36:00+00:00,67125.6,67144.1,67125.6,67144.1,67133.0,0.07075169,17
2024-05-19 05:37:00+00:00,67144.1,67144.1,67144.1,67144.1,67144.1,0.00758897,5
2024-05-19 05:38:00+00:00,67144.1,67144.1,67144.1,67144.1,67144.1,0.0004,2
2024-05-19 05:39:00+00:00,67147.0,67147.0,67146.9,67147.0,67146.9,0.1008,4
2024-05-19 05:40:00+00:00,67147.0,67149.2,67147.0,67147.0,67148.5,0.00548499,5
2024-05-19 05:41:00+00:00,67146.9,67146.9,67146.9,67146.9,67146.9,0.00744636,1
2024-05-19 05:42:00+00:00,67146.9,67146.9,67146.9,67146.9,67146.9,0.02282602,2
2024-05-19 05:43:00+00:00,67146.9,67147.0,67146.9,67147.0,67146.9,0.07063361,11
2024-05-19 05:44:00+00:00,67147.0,67147.0,67146.9,67146.9,67146.9,0.00471505,9
2024-05-19 05:45:00+00:00,67147.0,67147.0,67146.9,67146.9,67146.9,0.01764304,3
2024-05-19 05:46:00+00:00,67147.0,67147.0,67146.9,67146.9,67146.9,0.01724877,2
2024-05-19 05:47:00+00:00,67146.9,67147.0,67146.9,67147.0,67146.9,0.04103258,5
2024-05-19 05:48:00+00:00,67147.0,67147.0,67147.0,67147.0,67147.0,0.5,3
2024-05-19 05:49:00+00:00,67147.0,67147.0,67147.0,67147.0,0.0,0.0,0
2024-05-19 05:50:00+00:00,67146.9,67146.9,67144.0,67144.0,67145.3,0.00676162,16
2024-05-19 05:51:00+00:00,67144.0,67147.1,67144.0,67147.1,67144.3,0.03370337,6
2024-05-19 05:52:00+00:00,67147.1,67147.1,67144.0,67144.0,67144.0,0.01985124,3
2024-05-19 05:53:00+00:00,67144.1,67144.1,67144.1,67144.1,67144.1,0.00118507,1
2024-05-19 05:54:00+00:00,67144.1,67144.1,67144.1,67144.1,67144.1,0.00826888,5
2024-05-19 05:55:00+00:00,67144.0,67144.0,67144.0,67144.0,67144.0,0.00295054,5
2024-05-19 05:56:00+00:00,67144.0,67144.0,67144.0,67144.0,67144.0,0.00588089,8
2024-05-19 05:57:00+00:00,67144.0,67144.1,67144.0,67144.1,67144.0,0.03044007,3
2024-05-19 05:58:00+00:00,67144.0,67144.0,67144.0,67144.0,67144.0,0.00777082,8
2024-05-19 05:59:00+00:00,67144.0,67144.1,67144.0,67144.0,67144.0,0.00270109,3
2024-05-19 06:00:00+00:00,67144.1,67144.1,67144.0,67144.1,67144.0,0.00258712,9
2024-05-19 06:01:00+00:00,67144.0,67144.0,67144.0,67144.0,67144.0,0.01,1
2024-05-19 06:02:00+00:00,67144.0,67144.1,67144.0,67144.1,67144.0,0.00242848,3
2024-05-19 06:03:00+00:00,67144.0,67144.0,67144.0,67144.0,67144.0,0.00596052,6
2024-05-19 06:04:00+00:00,67144.1,67144.1,67144.1,67144.1,67144.1,0.00047616,2
2024-05-19 06:05:00+00:00,67144.0,67144.0,67144.0,67144.0,67144.0,0.01553441,7
2024-05-19 06:06:00+00:00,67144.1,67144.1,67144.0,67144.0,67144.0,0.01696143,2
2024-05-19 06:07:00+00:00,67144.1,67144.1,67125.5,67125.6,67130.1,0.11887068,38
2024-05-19 06:08:00+00:00,67125.5,67125.6,67125.5,67125.5,67125.5,0.04481103,10
2024-05-19 06:09:00+00:00,67125.6,67125.6,67125.5,67125.6,67125.5,0.03861845,6
2024-05-19 06:10:00+00:00,67125.6,67125.6,67125.5,67125.6,67125.5,0.09835586,5
2024-05-19 06:11:00+00:00,67125.5,67125.6,67125.5,67125.6,67125.5,0.04545137,7
2024-05-19 06:12:00+00:00,67125.6,67125.6,67125.6,67125.6,67125.6,0.0003,1
2024-05-19 06:13:00+00:00,67125.5,67125.5,67125.5,67125.5,67125.5,0.0062872,5
2024-05-19 06:14:00+00:00,67125.5,67125.5,67125.5,67125.5,67125.5,0.05312789,2
2024-05-19 06:15:00+00:00,67125.6,67125.6,67125.5,67125.6,67125.5,0.00607222,4
2024-05-19 06:16:00+00:00,67125.5,67125.6,67125.5,67125.5,67125.5,0.00205015,4
2024-05-19 06:17:00+00:00,67125.6,67125.6,67125.6,67125.6,67125.6,0.0003,1
2024-05-19 06:18:00+00:00,67125.5,67130.7,67125.5,67130.7,67125.6,0.08879525,13
2024-05-19 06:19:00+00:00,67130.7,67135.4,67130.7,67135.4,67135.3,0.35885125,10
2024-05-19 06:20:00+00:00,67135.3,67135.3,67125.1,67125.1,67130.2,0.00231648,6
2024-05-19 06:21:00+00:00,67119.3,67119.3,67119.3,67119.3,67119.3,0.05645962,1
2024-05-19 06:22:00+00:00,67119.2,67119.5,67119.2,67119.5,67119.4,0.00164,3
2024-05-19 06:23:00+00:00,67119.4,67124.4,67119.4,67124.3,67124.2,1.0058748,12
2024-05-19 06:24:00+00:00,67124.4,67132.5,67124.4,67132.5,67127.2,0.02287029,6
2024-05-19 06:25:00+00:00,67132.4,67132.5,67132.4,67132.5,67132.4,0.07887239,6
2024-05-19 06:26:00+00:00,67132.5,67132.5,67132.5,67132.5,67132.5,0.2521,3
2024-05-19 06:27:00+00:00,67132.4,67132.4,67132.4,67132.4,67132.4,0.00025617,1
2024-05-19 06:28:00+00:00,67132.5,67132.5,67132.5,67132.5,67132.5,0.00146758,1
2024-05-19 06:29:00+00:00,67132.5,67132.5,67109.2,67109.2,67121.6,0.12398487,12
2024-05-19 06:30:00+00:00,67105.5,67105.5,67105.4,67105.4,67105.4,0.0044176,3
2024-05-19 06:31:00+00:00,67105.4,67105.5,67105.4,67105.4,67105.4,0.02014569,5
2024-05-19 06:32:00+00:00,67105.4,67105.4,67076.6,67076.7,67082.8,1.84954683,22
2024-05-19 06:33:00+00:00,67076.6,67076.6,67052.5,67052.5,67064.1,0.0234247,11
2024-05-19 06:34:00+00:00,67052.5,67052.5,66916.4,66967.7,66940.6,15.89887759,96
2024-05-19 06:35:00+00:00,66967.7,66973.1,66967.7,66973.1,66970.3,0.03824527,12
2024-05-19 06:36:00+00:00,66973.1,67002.7,66973.1,67002.7,66977.0,0.0059984,7
2024-05-19 06:37:00+00:00,67002.7,67002.7,67002.6,67002.7,67002.6,0.01884338,5
2024-05-19 06:38:00+00:00,67004.2,67004.3,67004.2,67004.3,67004.2,1.04198318,6
2024-05-19 06:39:00+00:00,67007.8,67007.8,67007.8,67007.8,67007.8,0.0003,1
2024-05-19 06:40:00+00:00,67007.8,67018.2,67007.8,67018.2,67013.8,0.00578597,6
2024-05-19 06:41:00+00:00,67018.1,67018.1,66946.8,66946.9,66982.7,0.01495108,9
2024-05-19 06:42:00+00:00,66946.8,66950.8,66940.6,66945.7,66944.6,4.127201,30
2024-05-19 06:43:00+00:00,66942.4,66945.4,66942.4,66945.4,66945.3,0.03232855,6
2024-05-19 06:44:00+00:00,66945.4,66956.3,66945.3,66956.3,66951.8,0.04302451,12
2024-05-19 06:45:00+00:00,66956.3,66956.3,66932.0,66949.2,66945.9,0.70639102,25
2024-05-19 06:46:00+00:00,66949.2,66964.6,66949.2,66953.4,66962.2,0.46118295,15
2024-05-19 06:47:00+00:00,66953.3,66953.3,66939.4,66939.4,66947.3,0.16713941,7
2024-05-19 06:48:00+00:00,66938.3,66944.6,66938.3,66944.5,66944.2,0.04856615,11
2024-05-19 06:49:00+00:00,66944.5,66944.6,66944.5,66944.6,66944.5,0.00504878,4
2024-05-19 06:50:00+00:00,66944.6,66975.2,66944.6,66966.6,66969.4,1.01229009,12
2024-05-19 06:51:00+00:00,66966.6,66966.6,66966.5,66966.6,66966.5,1.08422165,7
2024-05-19 06:52:00+00:00,66966.6,66969.6,66965.3,66965.3,66965.5,0.00837259,3
2024-05-19 06:53:00+00:00,66965.3,66965.4,66965.3,66965.3,66965.3,0.02030152,5
2024-05-19 06:54:00+00:00,66965.4,66965.4,66965.3,66965.3,66965.3,0.03119867,7
2024-05-19 06:55:00+00:00,66965.4,66965.4,66965.3,66965.4,66965.3,0.08064046,17
2024-05-19 06:56:00+00:00,66965.4,66965.4,66965.3,66965.4,66965.3,0.07699292,11
2024-05-19 06:57:00+00:00,66965.3,66983.4,66965.3,66983.4,66975.0,0.13016691,13
2024-05-19 06:58:00+00:00,66983.3,67010.1,66983.3,67010.0,67003.7,0.15960453,17
2024-05-19 06:59:00+00:00,67010.0,67010.1,67010.0,67010.1,67010.0,0.00384983,7
2024-05-19 07:00:00+00:00,67015.2,67051.1,67015.1,67049.3,67046.6,2.26970804,28
2024-05-19 07:01:00+00:00,67049.2,67049.3,67049.2,67049.3,67049.2,0.00904226,5
2024-05-19 07:02:00+00:00,67049.2,67049.3,67049.2,67049.2,67049.2,0.02010232,6
2024-05-19 07:03:00+00:00,67049.3,67049.3,67049.2,67049.3,67049.2,0.00112439,4
2024-05-19 07:04:00+00:00,67049.3,67049.3,67049.3,67049.3,67049.3,0.0003,1
2024-05-19 07:05:00+00:00,67049.2,67063.2,67049.2,67063.2,67052.2,0.3011763,16
2024-05-19 07:06:00+00:00,67063.2,67066.2,67063.2,67066.2,67064.8,0.02805411,12
2024-05-19 07:07:00+00:00,67063.2,67063.2,67063.2,67063.2,67063.2,0.0003,1
2024-05-19 07:08:00+00:00,67063.2,67063.2,67059.3,67059.3,67062.5,0.00373499,8
2024-05-19 07:09:00+00:00,67049.4,67049.4,67049.3,67049.4,67049.3,0.011674,5
2024-05-19 07:10:00+00:00,67049.4,67049.4,67046.3,67046.3,67048.4,0.00707406,7
2024-05-19 07:11:00+00:00,67042.5,67047.6,67042.5,67047.5,67042.6,0.06202938,7
2024-05-19 07:12:00+00:00,67047.6,67047.6,67047.5,67047.5,67047.5,0.0112276,7
2024-05-19 07:13:00+00:00,67047.6,67056.8,67047.5,67047.5,67050.1,0.01604884,11
2024-05-19 07:14:00+00:00,67047.5,67049.7,67047.5,67049.6,67049.4,0.0085655,5
2024-05-19 07:15:00+00:00,67049.7,67049.7,67015.2,67015.2,67044.3,0.00472736,8
2024-05-19 07:16:00+00:00,67015.1,67015.2,67015.1,67015.1,67015.1,0.00248724,4
2024-05-19 07:17:00+00:00,67015.1,67015.2,67015.1,67015.2,67015.1,0.00167521,5
2024-05-19 07:18:00+00:00,67015.1,67015.2,67015.1,67015.1,67015.1,0.89897515,13
2024-05-19 07:19:00+00:00,67015.1,67015.1,66995.1,66995.1,67005.3,0.00171587,8
2024-05-19 07:20:00+00:00,66995.1,67005.2,66995.1,67005.1,67004.1,0.00896442,6
2024-05-19 07:21:00+00:00,66998.9,67009.0,66998.9,67009.0,67007.8,0.15357611,14
2024-05-19 07:22:00+00:00,67009.0,67009.0,67008.9,67008.9,67008.9,0.0007704,2
2024-05-19 07:23:00+00:00,67013.1,67048.7,67013.1,67048.7,67035.9,0.0903,11
2024-05-19 07:24:00+00:00,67048.7,67100.0,67048.7,67100.0,67089.6,0.14106994,29
2024-05-19 07:25:00+00:00,67100.0,67150.0,67099.9,67150.0,67108.8,2.00631463,21
2024-05-19 07:26:00+00:00,67150.0,67176.8,67150.0,67176.7,67168.4,0.85853304,15
2024-05-19 07:27:00+00:00,67176.8,67176.8,67176.7,67176.8,67176.7,5.20762344,13
2024-05-19 07:28:00+00:00,67181.6,67198.1,67181.6,67198.0,67189.4,0.02198697,9
2024-05-19 07:29:00+00:00,67198.1,67204.2,67198.1,67204.2,67198.1,0.54024431,11
2024-05-19 07:30:00+00:00,67204.2,67204.3,67204.2,67204.2,67204.2,0.00607063,9
2024-05-19 07:31:00+00:00,67204.2,67204.3,67204.2,67204.2,67204.2,1.30815552,11
2024-05-19 07:32:00+00:00,67204.2,67204.3,67204.2,67204.2,67204.2,0.00361778,5
2024-05-19 07:33:00+00:00,67204.2,67204.2,67200.6,67200.6,67201.6,0.02026341,12
2024-05-19 07:34:00+00:00,67200.7,67200.7,67200.6,67200.6,67200.6,0.01007768,6
2024-05-19 07:35:00+00:00,67200.7,67200.7,67200.6,67200.6,67200.6,0.00879222,12
2024-05-19 07:36:00+00:00,67200.6,67200.6,67130.8,67130.8,67192.3,0.66566386,12
2024-05-19 07:37:00+00:00,67130.8,67135.9,67130.7,67135.8,67131.4,0.03111093,41
2024-05-19 07:38:00+00:00,67135.8,67182.6,67135.8,67182.5,67172.3,0.16299518,43
2024-05-19 07:39:00+00:00,67182.5,67182.6,67182.5,67182.6,67182.5,0.0302935,44
2024-05-19 07:40:00+00:00,67182.5,67234.5,67182.5,67234.5,67223.4,0.14457664,31
2024-05-19 07:41:00+00:00,67234.4,67240.0,67234.4,67240.0,67239.4,0.14742263,24
2024-05-19 07:42:00+00:00,67240.5,67240.5,67240.4,67240.5,67240.4,0.00249309,8
2024-05-19 07:43:00+00:00,67241.3,67250.0,67241.3,67250.0,67249.4,0.10610155,11
2024-05-19 07:44:00+00:00,67249.9,67250.0,67249.9,67250.0,67249.9,0.21536538,8
2024-05-19 07:45:00+00:00,67249.9,67250.0,67240.0,67240.0,67249.4,0.4515098,61
2024-05-19 07:46:00+00:00,67240.1,67240.1,67230.0,67230.0,67232.1,0.3337467,7
2024-05-19 07:47:00+00:00,67230.1,67230.1,67230.1,67230.1,67230.1,0.07484425,2
2024-05-19 07:48:00+00:00,67230.1,67230.1,67230.0,67230.1,67230.0,0.06569086,7
2024-05-19 07:49:00+00:00,67230.0,67230.1,67230.0,67230.1,67230.0,0.00258134,4
2024-05-19 07:50:00+00:00,67230.1,67230.1,67230.0,67230.0,67230.0,0.01661239,24
2024-05-19 07:51:00+00:00,67230.0,67233.6,67230.0,67233.6,67233.5,0.12003306,23
2024-05-19 07:52:00+00:00,67233.6,67233.6,67233.6,67233.6,67233.6,0.0006,2
2024-05-19 07:53:00+00:00,67233.6,67250.3,67233.5,67250.3,67240.0,0.11514222,17
2024-05-19 07:54:00+00:00,67250.3,67268.0,67250.3,67268.0,67263.8,0.38810572,49
2024-05-19 07:55:00+00:00,67268.0,67268.0,67265.4,67265.4,67267.9,0.43309792,12
2024-05-19 07:56:00+00:00,67265.4,67265.5,67256.9,67257.0,67258.3,0.0289991,11
2024-05-19 07:57:00+00:00,67256.9,67277.0,67256.9,67277.0,67270.1,4.03156274,26
2024-05-19 07:58:00+00:00,67276.9,67320.5,67276.9,67320.4,67288.2,10.04595165,76
2024-05-19 07:59:00+00:00,67320.4,67323.5,67320.4,67323.4,67323.4,2.01619506,23
2024-05-19 08:00:00+00:00,67323.5,67323.5,67323.4,67323.4,67323.4,0.04541918,12
2024-05-19 08:01:00+00:00,67323.4,67323.5,67323.4,67323.4,67323.4,0.01449388,11
2024-05-19 08:02:00+00:00,67323.4,67323.4,67276.6,67276.6,67314.3,0.1154421,32
2024-05-19 08:03:00+00:00,67276.6,67276.6,67256.8,67256.8,67260.0,0.03851791,28
2024-05-19 08:04:00+00:00,67256.8,67256.9,67256.8,67256.8,67256.8,0.01089941,8
2024-05-19 08:05:00+00:00,67256.8,67256.8,67256.8,67256.8,67256.8,0.02175829,14
2024-05-19 08:06:00+00:00,67256.8,67256.8,67256.8,67256.8,67256.8,0.00856745,3
2024-05-19 08:07:00+00:00,67256.8,67256.9,67256.8,67256.8,67256.8,0.02736306,8
2024-05-19 08:08:00+00:00,67256.8,67256.9,67256.8,67256.8,67256.8,0.01762851,7
2024-05-19 08:09:00+00:00,67256.8,67256.8,67256.8,67256.8,67256.8,0.00025,1
2024-05-19 08:10:00+00:00,67256.9,67256.9,67256.8,67256.9,67256.8,0.01052477,7
2024-05-19 08:11:00+00:00,67256.8,67256.8,67256.8,67256.8,67256.8,0.00197044,1
2024-05-19 08:12:00+00:00,67256.9,67256.9,67256.9,67256.9,67256.9,0.00029225,1
2024-05-19 08:13:00+00:00,67256.9,67256.9,67256.8,67256.8,67256.8,0.29568372,22
2024-05-19 08:14:00+00:00,67256.8,67256.9,67256.8,67256.9,67256.8,0.01193119,12
2024-05-19 08:15:00+00:00,67256.8,67256.9,67256.8,67256.8,67256.8,0.0055975,9
2024-05-19 08:16:00+00:00,67256.9,67256.9,67256.9,67256.9,67256.9,0.0160156,5
2024-05-19 08:17:00+00:00,67256.8,67256.8,67256.8,67256.8,67256.8,0.0070598,8
2024-05-19 08:18:00+00:00,67256.8,67256.9,67256.8,67256.9,67256.8,0.01604501,3
2024-05-19 08:19:00+00:00,67256.8,67256.8,67256.8,67256.8,67256.8,0.00440694,8
2024-05-19 08:20:00+00:00,67256.8,67256.8,67256.8,67256.8,67256.8,0.01284382,3
2024-05-19 08:21:00+00:00,67256.8,67256.9,67256.8,67256.8,67256.8,0.00577475,9
2024-05-19 08:22:00+00:00,67256.8,67256.9,67256.8,67256.9,67256.8,1.51576675,6
2024-05-19 08:23:00+00:00,67256.9,67256.9,67256.8,67256.8,67256.8,0.04208191,7
2024-05-19 08:24:00+00:00,67256.8,67256.9,67256.8,67256.9,67256.8,0.02578765,4
2024-05-19 08:25:00+00:00,67256.9,67256.9,67256.9,67256.9,67256.9,0.03025186,6
2024-05-19 08:26:00+00:00,67256.8,67256.8,67256.8,67256.8,67256.8,0.00038922,1
2024-05-19 08:27:00+00:00,67256.8,67256.8,67256.8,67256.8,67256.8,0.01353741,3
2024-05-19 08:28:00+00:00,67256.9,67256.9,67256.8,67256.8,67256.8,1.98224576,11
2024-05-19 08:29:00+00:00,67256.8,67256.9,67256.8,67256.9,67256.8,0.00366009,3
2024-05-19 08:30:00+00:00,67256.9,67256.9,67256.8,67256.8,67256.8,0.00171373,2
2024-05-19 08:31:00+00:00,67256.8,67256.8,67256.8,67256.8,0.0,0.0,0
2024-05-19 08:32:00+00:00,67256.9,67256.9,67256.8,67256.8,67256.8,0.00043,2
2024-05-19 08:33:00+00:00,67256.9,67258.0,67256.9,67258.0,67257.8,0.1722727,13
2024-05-19 08:34:00+00:00,67257.9,67258.0,67257.9,67258.0,67257.9,0.00468176,3
2024-05-19 08:35:00+00:00,67258.0,67258.0,67245.5,67250.8,67251.0,7.64654691,39
2024-05-19 08:36:00+00:00,67246.9,67247.0,67246.9,67247.0,67246.9,0.03933511,4
2024-05-19 08:37:00+00:00,67246.9,67246.9,67234.8,67239.6,67238.1,5.00819344,22
2024-05-19 08:38:00+00:00,67239.5,67239.6,67168.8,67168.8,67203.9,2.35347599,22
2024-05-19 08:39:00+00:00,67168.8,67168.8,67142.2,67142.2,67162.5,0.02369963,20
2024-05-19 08:40:00+00:00,67142.3,67142.3,67130.0,67130.0,67130.3,0.01643772,10
2024-05-19 08:41:00+00:00,67130.0,67130.1,67130.0,67130.1,67130.0,0.16033483,3
2024-05-19 08:42:00+00:00,67130.1,67130.1,67130.1,67130.1,67130.1,0.0004,3
2024-05-19 08:43:00+00:00,67130.1,67167.4,67130.1,67165.5,67143.0,0.01043434,15
2024-05-19 08:44:00+00:00,67158.3,67176.3,67158.3,67174.0,67173.3,4.00107098,15
2024-05-19 08:45:00+00:00,67172.9,67176.3,67172.9,67173.4,67175.7,4.00093818,17
2024-05-19 08:46:00+00:00,67173.4,67173.5,67173.4,67173.4,67173.4,3.00103306,11
2024-05-19 08:47:00+00:00,67173.5,67173.5,67167.9,67168.0,67173.4,2.00350936,7
2024-05-19 08:48:00+00:00,67168.0,67168.0,67144.5,67144.5,67146.4,1.00530426,13
2024-05-19 08:49:00+00:00,67148.3,67174.2,67146.2,67174.2,67167.0,3.02268303,17
2024-05-19 08:50:00+00:00,67174.3,67182.9,67174.3,67181.9,67180.2,3.0035343,17
2024-05-19 08:51:00+00:00,67182.0,67182.0,67177.5,67177.6,67181.8,2.02372415,8
2024-05-19 08:52:00+00:00,67177.6,67177.6,67177.5,67177.6,67177.5,0.00089028,5
2024-05-19 08:53:00+00:00,67177.6,67187.4,67177.5,67187.4,67180.3,0.00892692,9
2024-05-19 08:54:00+00:00,67188.1,67193.7,67188.1,67193.7,67191.1,0.01724403,6
2024-05-19 08:55:00+00:00,67193.7,67193.7,67193.6,67193.6,67193.6,0.00071304,2
2024-05-19 08:56:00+00:00,67193.7,67193.7,67193.7,67193.7,67193.7,0.00069451,1
2024-05-19 08:57:00+00:00,67193.6,67193.6,67175.3,67175.3,67176.7,0.06353213,5
2024-05-19 08:58:00+00:00,67175.4,67175.4,67175.3,67175.4,67175.3,0.00185068,3
2024-05-19 08:59:00+00:00,67175.4,67175.4,67175.4,67175.4,0.0,0.0,0
2024-05-19 09:00:00+00:00,67174.3,67174.3,67174.3,67174.3,67174.3,0.00205039,4
2024-05-19 09:01:00+00:00,67174.3,67174.3,67154.9,67154.9,67164.2,0.00258613,5
2024-05-19 09:02:00+00:00,67154.9,67154.9,67154.8,67154.9,67154.8,0.01120791,6
2024-05-19 09:03:00+00:00,67154.9,67154.9,67154.9,67154.9,67154.9,0.02130689,3
2024-05-19 09:04:00+00:00,67154.9,67154.9,67154.9,67154.9,67154.9,0.00047651,1
2024-05-19 09:05:00+00:00,67154.8,67154.8,67154.8,67154.8,67154.8,0.00031313,1
2024-05-19 09:06:00+00:00,67154.9,67161.3,67154.9,67161.3,67155.7,0.0023,3
2024-05-19 09:07:00+00:00,67160.6,67160.7,67160.6,67160.6,67160.6,0.00126534,3
2024-05-19 09:08:00+00:00,67160.7,67160.7,67160.7,67160.7,67160.7,0.01221174,2
2024-05-19 09:09:00+00:00,67160.6,67160.7,67160.6,67160.7,67160.6,0.12238134,7
2024-05-19 09:10:00+00:00,67160.7,67160.7,67160.7,67160.7,0.0,0.0,0
2024-05-19 09:11:00+00:00,67160.6,67160.7,67160.6,67160.6,67160.6,0.00515203,9
2024-05-19 09:12:00+00:00,67160.7,67160.7,67160.7,67160.7,67160.7,0.00615657,3
2024-05-19 09:13:00+00:00,67160.7,67160.7,67139.8,67139.8,67160.3,0.18582821,10
2024-05-19 09:14:00+00:00,67139.8,67139.8,67130.0,67130.0,67130.5,0.26747326,5
2024-05-19 09:15:00+00:00,67100.0,67100.0,67100.0,67100.0,67100.0,0.00671609,4
2024-05-19 09:16:00+00:00,67100.0,67100.0,67100.0,67100.0,67100.0,0.0125225,3
2024-05-19 09:17:00+00:00,67099.9,67100.0,67099.9,67100.0,67099.9,0.000481,2
2024-05-19 09:18:00+00:00,67100.0,67100.0,67100.0,67100.0,67100.0,0.00525022,2
2024-05-19 09:19:00+00:00,67100.0,67100.0,67100.0,67100.0,67100.0,0.00140956,1
2024-05-19 09:20:00+00:00,67099.9,67099.9,67079.9,67079.9,67097.7,0.000919,3
2024-05-19 09:21:00+00:00,67079.8,67079.9,67066.4,67066.4,67078.7,0.05845776,22
2024-05-19 09:22:00+00:00,67066.5,67066.5,67066.4,67066.4,67066.4,0.00591224,2
2024-05-19 09:23:00+00:00,67066.4,67066.4,67066.4,67066.4,0.0,0.0,0
2024-05-19 09:24:00+00:00,67066.5,67066.5,67066.4,67066.4,67066.4,0.07641403,3
2024-05-19 09:25:00+00:00,67066.4,67066.5,67066.4,67066.5,67066.4,0.01782597,4
2024-05-19 09:26:00+00:00,67066.5,67066.5,67056.4,67056.4,67057.3,2.16196411,12
2024-05-19 09:27:00+00:00,67065.1,67065.1,67040.9,67041.0,67041.2,0.01206217,7
2024-05-19 09:28:00+00:00,67041.0,67041.0,67041.0,67041.0,0.0,0.0,0
2024-05-19 09:29:00+00:00,67025.7,67025.7,67025.7,67025.7,67025.7,0.00265191,1
2024-05-19 09:30:00+00:00,67025.7,67025.7,67025.6,67025.6,67025.6,0.01829744,10
2024-05-19 09:31:00+00:00,67025.6,67025.6,66999.0,67006.3,67002.0,1.86403855,25
2024-05-19 09:32:00+00:00,67006.3,67006.3,66998.2,67003.5,67003.3,1.50145245,14
2024-05-19 09:33:00+00:00,67003.6,67006.6,67003.6,67006.6,67006.1,0.04208314,10
2024-05-19 09:34:00+00:00,67006.5,67006.6,67006.5,67006.6,67006.5,0.00285237,3
2024-05-19 09:35:00+00:00,67006.5,67006.6,67006.5,67006.6,67006.5,3.12158397,8
2024-05-19 09:36:00+00:00,67006.6,67006.6,67006.5,67006.6,67006.5,0.56444887,7
2024-05-19 09:37:00+00:00,67006.5,67006.6,67006.5,67006.6,67006.5,0.0232161,6
2024-05-19 09:38:00+00:00,67006.5,67006.6,67006.5,67006.6,67006.5,0.37439331,6
2024-05-19 09:39:00+00:00,67006.6,67006.6,67006.6,67006.6,67006.6,0.00239896,4
2024-05-19 09:40:00+00:00,67006.6,67006.6,67006.6,67006.6,67006.6,0.01893699,5
2024-05-19 09:41:00+00:00,67006.6,67006.6,67006.6,67006.6,67006.6,0.1726297,7
2024-05-19 09:42:00+00:00,67006.6,67032.0,67006.5,67032.0,67007.0,0.58137189,12
2024-05-19 09:43:00+00:00,67031.9,67032.0,67031.9,67032.0,67031.9,0.11435054,8
2024-05-19 09:44:00+00:00,67033.4,67033.4,67033.4,67033.4,67033.4,0.0003,1
2024-05-19 09:45:00+00:00,67033.3,67092.5,67033.3,67092.5,67066.4,0.74625689,35
2024-05-19 09:46:00+00:00,67085.7,67085.7,67085.7,67085.7,67085.7,0.0003,1
2024-05-19 09:47:00+00:00,67085.7,67085.7,67085.6,67085.7,67085.6,0.00055443,3
2024-05-19 09:48:00+00:00,67085.6,67085.7,67085.6,67085.7,67085.6,0.7573428,6
2024-05-19 09:49:00+00:00,67085.7,67090.8,67085.7,67090.8,67090.6,0.70534311,9
2024-05-19 09:50:00+00:00,67090.7,67090.8,67090.7,67090.8,67090.7,0.00735001,7
2024-05-19 09:51:00+00:00,67100.0,67100.0,67100.0,67100.0,67100.0,0.00043626,2
2024-05-19 09:52:00+00:00,67100.0,67100.0,67099.8,67099.8,67099.8,0.00676468,4
2024-05-19 09:53:00+00:00,67099.8,67099.8,67099.8,67099.8,67099.8,0.0172,3
2024-05-19 09:54:00+00:00,67099.9,67099.9,67099.8,67099.9,67099.8,0.02972283,5
2024-05-19 09:55:00+00:00,67099.9,67099.9,67099.9,67099.9,67099.9,0.0003,2
2024-05-19 09:56:00+00:00,67099.8,67100.0,67099.8,67100.0,67099.8,0.01284168,6
2024-05-19 09:57:00+00:00,67105.1,67120.0,67105.1,67120.0,67107.4,0.09967814,21
2024-05-19 09:58:00+00:00,67120.0,67163.2,67120.0,67163.2,67143.0,0.02132044,16
2024-05-19 09:59:00+00:00,67163.1,67163.2,67163.1,67163.2,67163.1,0.0092688,4
2024-05-19 10:00:00+00:00,67163.2,67166.0,67163.1,67166.0,67165.3,0.07105185,13
2024-05-19 10:01:00+00:00,67166.0,67166.0,67166.0,67166.0,67166.0,0.0027542,2
2024-05-19 10:02:00+00:00,67166.0,67166.0,67165.9,67165.9,67165.9,0.00383936,5
2024-05-19 10:03:00+00:00,67166.0,67166.0,67165.9,67165.9,67165.9,0.3232,9
2024-05-19 10:04:00+00:00,67166.0,67166.0,67166.0,67166.0,67166.0,0.17154383,7
2024-05-19 10:05:00+00:00,67166.0,67166.0,67166.0,67166.0,67166.0,0.23027823,8
2024-05-19 10:06:00+00:00,67166.0,67166.0,67166.0,67166.0,67166.0,0.00626425,2
2024-05-19 10:07:00+00:00,67166.0,67166.0,67166.0,67166.0,67166.0,0.00178884,2
2024-05-19 10:08:00+00:00,67166.0,67166.0,67158.8,67158.8,67160.4,0.00689701,5
2024-05-19 10:09:00+00:00,67158.9,67163.1,67158.8,67162.3,67162.1,3.00909355,14
2024-05-19 10:10:00+00:00,67162.4,67166.0,67162.4,67165.9,67165.9,0.7556623,10
2024-05-19 10:11:00+00:00,67166.0,67166.0,67166.0,67166.0,67166.0,0.0003,1
2024-05-19 10:12:00+00:00,67165.9,67166.0,67165.9,67166.0,67165.9,0.00080419,3
2024-05-19 10:13:00+00:00,67166.0,67166.0,67166.0,67166.0,67166.0,0.00327954,2
2024-05-19 10:14:00+00:00,67142.1,67142.1,67142.1,67142.1,67142.1,0.002,1
2024-05-19 10:15:00+00:00,67139.1,67139.2,67139.1,67139.2,67139.1,0.00116139,3
2024-05-19 10:16:00+00:00,67139.2,67154.0,67139.2,67154.0,67150.5,0.01013825,12
2024-05-19 10:17:00+00:00,67154.0,67166.0,67154.0,67166.0,67165.8,0.41601593,17
2024-05-19 10:18:00+00:00,67166.0,67166.0,67165.9,67165.9,67165.9,1.00105895,4
2024-05-19 10:19:00+00:00,67166.0,67166.0,67165.9,67166.0,67165.9,0.07565392,7
2024-05-19 10:20:00+00:00,67166.0,67166.0,67166.0,67166.0,67166.0,0.00350847,2
2024-05-19 10:21:00+00:00,67166.0,67178.9,67166.0,67178.9,67166.0,3.32724036,27
2024-05-19 10:22:00+00:00,67178.9,67216.8,67178.9,67216.8,67192.8,0.12278273,30
2024-05-19 10:23:00+00:00,67216.8,67230.0,67216.8,67229.9,67224.4,0.01307671,13
2024-05-19 10:24:00+00:00,67230.0,67260.0,67230.0,67260.0,67256.1,0.51012383,25
2024-05-19 10:25:00+00:00,67260.0,67263.2,67260.0,67263.2,67260.0,0.75568119,11
2024-05-19 10:26:00+00:00,67265.0,67265.0,67264.9,67264.9,67264.9,0.00054635,2
2024-05-19 10:27:00+00:00,67265.0,67265.0,67265.0,67265.0,67265.0,0.01591552,2
2024-05-19 10:28:00+00:00,67265.0,67265.0,67264.9,67264.9,67264.9,0.00516457,5
2024-05-19 10:29:00+00:00,67265.0,67289.4,67264.9,67284.4,67273.7,10.55112505,34
2024-05-19 10:30:00+00:00,67284.4,67284.4,67284.4,67284.4,67284.4,0.00162779,3
2024-05-19 10:31:00+00:00,67284.4,67292.4,67284.4,67292.4,67289.3,0.01,6
2024-05-19 10:32:00+00:00,67288.6,67456.6,67260.0,67456.5,67377.9,10.53693779,196
2024-05-19 10:33:00+00:00,67456.6,67659.7,67450.0,67610.1,67530.1,17.31373956,239
2024-05-19 10:34:00+00:00,67610.0,67610.1,67553.0,67553.6,67564.5,1.76040616,70
2024-05-19 10:35:00+00:00,67520.9,67532.4,67520.9,67532.4,67521.8,0.07247656,27
2024-05-19 10:36:00+00:00,67532.4,67567.8,67532.3,67567.8,67532.5,0.77210201,21
2024-05-19 10:37:00+00:00,67573.6,67984.0,67573.6,67699.5,67750.2,195.68551193,413
2024-05-19 10:38:00+00:00,67699.5,67699.6,67681.6,67681.6,67688.2,1.44403815,32
2024-05-19 10:39:00+00:00,67681.7,67681.7,67654.5,67654.5,67681.1,1.34959817,31
2024-05-19 10:40:00+00:00,67654.6,67680.5,67654.5,67670.5,67660.7,24.28179206,177
2024-05-19 10:41:00+00:00,67670.5,67670.6,67600.1,67600.1,67665.9,0.92193664,40
2024-05-19 10:42:00+00:00,67588.0,67588.1,67567.9,67567.9,67568.6,2.40044487,26
2024-05-19 10:43:00+00:00,67568.0,67568.0,67552.4,67552.5,67567.7,0.16589508,16
2024-05-19 10:44:00+00:00,67552.4,67557.6,67552.4,67557.6,67553.6,0.00981064,16
2024-05-19 10:45:00+00:00,67557.6,67595.6,67557.6,67592.1,67593.0,0.24493043,30
2024-05-19 10:46:00+00:00,67592.1,67592.2,67561.7,67561.7,67580.2,2.61325839,29
2024-05-19 10:47:00+00:00,67561.7,67561.8,67561.7,67561.8,67561.7,0.18130273,17
2024-05-19 10:48:00+00:00,67561.7,67561.8,67541.4,67541.4,67560.0,3.56198786,27
2024-05-19 10:49:00+00:00,67541.4,67541.5,67287.2,67287.2,67382.3,1.53965996,98
2024-05-19 10:50:00+00:00,67287.3,67320.6,67287.3,67315.5,67316.2,0.22723654,17
2024-05-19 10:51:00+00:00,67304.8,67389.5,67297.6,67379.0,67340.3,0.02059288,14
2024-05-19 10:52:00+00:00,67371.1,67390.8,67370.8,67387.3,67384.0,0.07516227,23
2024-05-19 10:53:00+00:00,67387.3,67387.3,67376.3,67381.4,67376.8,0.05756653,11
2024-05-19 10:54:00+00:00,67381.4,67381.5,67379.0,67379.0,67379.3,0.11429979,28
2024-05-19 10:55:00+00:00,67378.0,67378.0,67230.8,67230.8,67301.2,5.67140454,57
2024-05-19 10:56:00+00:00,67230.8,67230.8,67200.1,67200.1,67222.0,1.29089626,28
2024-05-19 10:57:00+00:00,67198.6,67260.9,67198.6,67257.7,67200.3,1.56799251,15
2024-05-19 10:58:00+00:00,67257.7,67307.8,67257.7,67301.9,67272.8,0.05689184,21
2024-05-19 10:59:00+00:00,67301.9,67301.9,67301.8,67301.9,67301.8,0.24068883,9
2024-05-19 11:00:00+00:00,67301.9,67301.9,67278.0,67278.0,67301.0,0.32099964,11
2024-05-19 11:01:00+00:00,67277.9,67277.9,67200.1,67200.2,67235.1,0.03425131,23
2024-05-19 11:02:00+00:00,67200.1,67236.2,67200.1,67230.7,67221.7,0.08565435,11
2024-05-19 11:03:00+00:00,67214.3,67214.3,67214.3,67214.3,67214.3,0.03,3
2024-05-19 11:04:00+00:00,67200.1,67200.1,67142.1,67142.2,67159.6,2.13719544,51
2024-05-19 11:05:00+00:00,67142.2,67142.2,67134.0,67134.1,67139.6,3.62163266,21
2024-05-19 11:06:00+00:00,67134.1,67157.0,67134.1,67134.1,67145.6,0.2166405,13
2024-05-19 11:07:00+00:00,67134.0,67134.1,67080.0,67080.0,67124.7,1.32906606,40
2024-05-19 11:08:00+00:00,67080.0,67080.0,67025.0,67025.0,67070.8,6.04975594,54
2024-05-19 11:09:00+00:00,67025.1,67089.3,67025.1,67089.3,67043.5,0.25949677,23
2024-05-19 11:10:00+00:00,67089.3,67130.1,67089.2,67089.2,67091.5,0.53234163,18
2024-05-19 11:11:00+00:00,67068.9,67081.0,67025.0,67081.0,67037.6,6.88742128,27
2024-05-19 11:12:00+00:00,67060.3,67060.4,67060.3,67060.4,67060.3,0.00335127,6
2024-05-19 11:13:00+00:00,67069.2,67140.5,67069.2,67120.9,67134.4,1.15356382,20
2024-05-19 11:14:00+00:00,67120.8,67120.9,67120.8,67120.9,67120.8,0.01361475,4
2024-05-19 11:15:00+00:00,67120.9,67120.9,67120.9,67120.9,67120.9,0.0003218,2
2024-05-19 11:16:00+00:00,67120.8,67166.3,67111.1,67166.3,67127.0,0.01540548,9
2024-05-19 11:17:00+00:00,67165.3,67165.3,67156.0,67156.1,67156.0,0.10742655,7
2024-05-19 11:18:00+00:00,67156.1,67180.1,67156.0,67156.1,67158.2,0.94855877,21
2024-05-19 11:19:00+00:00,67156.1,67156.1,67135.9,67135.9,67148.0,0.08950004,10
2024-05-19 11:20:00+00:00,67136.0,67141.0,67135.9,67141.0,67135.9,0.24432118,11
2024-05-19 11:21:00+00:00,67140.9,67176.2,67140.9,67166.3,67168.4,0.10667041,13
2024-05-19 11:22:00+00:00,67136.0,67136.0,67106.9,67106.9,67129.3,0.15096847,13
2024-05-19 11:23:00+00:00,67096.0,67096.0,67076.1,67077.4,67087.0,0.01758039,6
2024-05-19 11:24:00+00:00,67077.4,67079.7,67043.2,67078.9,67045.1,1.23834387,31
2024-05-19 11:25:00+00:00,67074.5,67075.9,67028.4,67028.4,67040.6,0.02970128,17
2024-05-19 11:26:00+00:00,67028.5,67028.5,67028.4,67028.5,67028.4,0.07415556,15
2024-05-19 11:27:00+00:00,67028.5,67036.7,67028.5,67036.7,67034.4,0.00871866,10
2024-05-19 11:28:00+00:00,67079.7,67079.7,67065.1,67065.1,67074.0,0.03004118,3
2024-05-19 11:29:00+00:00,67065.1,67070.1,67065.0,67070.1,67067.5,0.00231951,7
2024-05-19 11:30:00+00:00,67070.2,67088.7,67070.2,67078.2,67080.7,0.02639551,11
2024-05-19 11:31:00+00:00,67078.1,67078.1,67065.0,67065.0,67071.4,0.00300054,8
2024-05-19 11:32:00+00:00,67056.4,67056.4,67028.4,67028.4,67028.6,0.33268119,9
2024-05-19 11:33:00+00:00,67028.5,67036.5,67028.5,67036.5,67035.1,0.00216512,7
2024-05-19 11:34:00+00:00,67036.5,67078.8,67036.5,67076.0,67077.1,0.16460161,8
2024-05-19 11:35:00+00:00,67076.0,67140.5,67076.0,67134.8,67132.3,2.03134974,25
2024-05-19 11:36:00+00:00,67134.8,67144.3,67134.8,67139.9,67139.9,0.45724683,21
2024-05-19 11:37:00+00:00,67139.9,67155.0,67139.9,67155.0,67147.2,0.02302092,9
2024-05-19 11:38:00+00:00,67176.1,67180.2,67171.1,67180.2,67176.1,0.05808715,10
2024-05-19 11:39:00+00:00,67179.6,67179.6,67171.1,67171.1,67174.0,1.30772849,21
2024-05-19 11:40:00+00:00,67159.4,67159.4,67159.4,67159.4,67159.4,0.00027601,1
2024-05-19 11:41:00+00:00,67159.4,67180.0,67159.4,67172.0,67167.0,0.01172762,8
2024-05-19 11:42:00+00:00,67170.1,67199.8,67170.1,67199.8,67195.9,0.20355499,20
2024-05-19 11:43:00+00:00,67207.1,67339.7,67207.1,67339.7,67318.7,1.56283375,39
2024-05-19 11:44:00+00:00,67291.3,67296.3,67291.3,67296.3,67294.7,0.00511642,3
2024-05-19 11:45:00+00:00,67296.4,67296.4,67296.3,67296.4,67296.3,0.01255758,9
2024-05-19 11:46:00+00:00,67293.6,67306.9,67293.6,67305.2,67301.7,0.01448125,10
2024-05-19 11:47:00+00:00,67305.3,67354.4,67305.3,67347.4,67348.9,6.02333682,30
2024-05-19 11:48:00+00:00,67344.2,67344.2,67300.0,67300.0,67319.4,0.00788014,9
2024-05-19 11:49:00+00:00,67300.1,67308.9,67300.1,67308.9,67303.2,0.01277071,7
2024-05-19 11:50:00+00:00,67309.0,67309.0,67308.9,67309.0,67308.9,0.05250194,12
2024-05-19 11:51:00+00:00,67315.0,67344.1,67315.0,67332.1,67325.7,0.01503051,5
2024-05-19 11:52:00+00:00,67332.0,67337.3,67332.0,67337.2,67336.0,0.03778289,13
2024-05-19 11:53:00+00:00,67337.3,67337.3,67337.2,67337.2,67337.2,0.34996824,9
2024-05-19 11:54:00+00:00,67337.2,67342.4,67337.2,67341.9,67342.3,2.17030756,23
2024-05-19 11:55:00+00:00,67344.0,67375.1,67344.0,67375.0,67356.8,18.92488214,79
2024-05-19 11:56:00+00:00,67375.1,67394.1,67375.0,67390.6,67393.6,1.49335881,24
2024-05-19 11:57:00+00:00,67387.3,67387.3,67364.4,67364.4,67375.5,7.60979838,18
2024-05-19 11:58:00+00:00,67343.9,67343.9,67341.9,67341.9,67342.2,0.00308901,7
2024-05-19 11:59:00+00:00,67341.9,67341.9,67333.9,67333.9,67333.9,1.28310512,10
2024-05-19 12:00:00+00:00,67333.8,67333.9,67333.8,67333.9,67333.8,0.01853835,14
2024-05-19 12:01:00+00:00,67333.8,67333.8,67301.0,67301.0,67307.6,0.0043281,6
2024-05-19 12:02:00+00:00,67301.1,67301.1,67301.0,67301.0,67301.0,0.04112868,3
2024-05-19 12:03:00+00:00,67300.1,67302.7,67253.9,67253.9,67266.9,1.01249211,24
2024-05-19 12:04:00+00:00,67253.8,67253.9,67250.0,67250.0,67253.5,0.03186582,22
2024-05-19 12:05:00+00:00,67250.0,67250.1,67220.2,67220.3,67235.5,0.17211222,133
2024-05-19 12:06:00+00:00,67220.2,67228.3,67220.2,67228.3,67222.6,0.00382358,7
2024-05-19 12:07:00+00:00,67250.4,67252.3,67250.3,67252.3,67251.9,0.02304073,14
2024-05-19 12:08:00+00:00,67255.8,67255.9,67254.4,67254.4,67254.7,0.01114317,10
2024-05-19 12:09:00+00:00,67254.4,67254.4,67254.4,67254.4,67254.4,0.00159275,2
2024-05-19 12:10:00+00:00,67252.3,67256.8,67252.3,67256.8,67254.3,0.00365429,5
2024-05-19 12:11:00+00:00,67256.8,67256.8,67253.3,67253.4,67254.4,0.00471772,8
2024-05-19 12:12:00+00:00,67253.3,67258.0,67253.3,67258.0,67254.9,0.00540454,6
2024-05-19 12:13:00+00:00,67252.2,67255.6,67252.2,67254.9,67254.7,0.06248202,13
2024-05-19 12:14:00+00:00,67254.9,67255.0,67254.9,67255.0,67254.9,0.00054,2
2024-05-19 12:15:00+00:00,67255.0,67255.0,67254.9,67254.9,67254.9,0.00347138,8
2024-05-19 12:16:00+00:00,67252.3,67252.4,67244.8,67244.9,67250.7,0.0032564,9
2024-05-19 12:17:00+00:00,67242.9,67243.0,67222.0,67222.0,67232.3,0.10726423,13
2024-05-19 12:18:00+00:00,67222.0,67222.0,67146.0,67146.0,67185.8,0.30635506,18
2024-05-19 12:19:00+00:00,67146.0,67146.0,67058.5,67058.5,67087.3,0.34468976,20
2024-05-19 12:20:00+00:00,67058.5,67058.5,67000.1,67000.1,67018.2,0.27319424,46
2024-05-19 12:21:00+00:00,67000.1,67000.1,66947.9,66948.0,66983.2,3.62882342,48
2024-05-19 12:22:00+00:00,66947.9,66951.0,66946.2,66951.0,66950.5,1.15644806,31
2024-05-19 12:23:00+00:00,66951.0,66951.0,66946.1,66946.2,66950.0,0.53157917,22
2024-05-19 12:24:00+00:00,66946.2,66951.0,66946.1,66951.0,66946.1,5.09405627,26
2024-05-19 12:25:00+00:00,66950.9,66951.0,66946.0,66950.9,66947.8,0.00532716,9
2024-05-19 12:26:00+00:00,66950.7,66950.7,66940.9,66940.9,66945.9,0.06644482,12
2024-05-19 12:27:00+00:00,66940.9,66940.9,66900.0,66903.1,66909.0,9.47222079,195
2024-05-19 12:28:00+00:00,66899.4,66899.5,66896.0,66896.0,66899.3,1.50476069,20
2024-05-19 12:29:00+00:00,66896.0,66916.7,66896.0,66903.6,66897.1,0.45172296,22
2024-05-19 12:30:00+00:00,66896.2,66920.4,66896.1,66920.4,66912.7,0.30503364,22
2024-05-19 12:31:00+00:00,66916.8,66951.0,66916.7,66951.0,66934.3,0.17437728,12
2024-05-19 12:32:00+00:00,66951.0,66951.0,66951.0,66951.0,66951.0,0.17161994,7
2024-05-19 12:33:00+00:00,66951.0,66951.0,66950.9,66950.9,66950.9,0.23781863,9
2024-05-19 12:34:00+00:00,66942.0,66942.0,66918.4,66932.3,66929.9,3.09323278,28
2024-05-19 12:35:00+00:00,66932.4,66960.6,66932.4,66960.6,66951.2,0.19517678,23
2024-05-19 12:36:00+00:00,66980.8,67049.7,66980.8,67000.1,67033.9,1.28971907,39
2024-05-19 12:37:00+00:00,67000.2,67007.1,67000.2,67007.1,67004.1,0.00773709,6
2024-05-19 12:38:00+00:00,67007.1,67007.1,67007.1,67007.1,0.0,0.0,0
2024-05-19 12:39:00+00:00,67007.1,67007.1,67006.0,67006.0,67006.0,0.12412012,7
2024-05-19 12:40:00+00:00,67006.1,67006.1,66986.0,66986.0,67005.2,1.07564965,13
2024-05-19 12:41:00+00:00,66986.0,66986.0,66986.0,66986.0,66986.0,1.00107177,6
2024-05-19 12:42:00+00:00,66985.9,66985.9,66985.9,66985.9,66985.9,0.00600669,8
2024-05-19 12:43:00+00:00,66985.9,66985.9,66979.3,66979.3,66984.1,0.06668641,8
2024-05-19 12:44:00+00:00,66979.3,66984.4,66979.3,66984.4,66984.2,1.00290989,8
2024-05-19 12:45:00+00:00,66984.4,66985.0,66984.4,66984.9,66984.8,0.02220868,6
2024-05-19 12:46:00+00:00,66984.9,66985.0,66979.3,66979.3,66982.3,0.22782163,8
2024-05-19 12:47:00+00:00,66979.3,66979.3,66979.2,66979.3,66979.2,0.06932913,6
2024-05-19 12:48:00+00:00,66979.2,66979.2,66936.0,66936.1,66947.4,0.35707133,22
2024-05-19 12:49:00+00:00,66936.0,66936.1,66936.0,66936.0,66936.0,0.07500754,6
2024-05-19 12:50:00+00:00,66936.1,66936.1,66936.0,66936.0,66936.0,0.43028085,20
2024-05-19 12:51:00+00:00,66936.0,66936.1,66936.0,66936.0,66936.0,1.63716428,23
2024-05-19 12:52:00+00:00,66936.0,66936.0,66876.7,66876.7,66915.8,2.37693491,43
2024-05-19 12:53:00+00:00,66876.8,66876.8,66850.0,66850.1,66857.7,0.20890261,42
2024-05-19 12:54:00+00:00,66850.1,66857.0,66850.1,66857.0,66856.8,0.28151799,13
2024-05-19 12:55:00+00:00,66856.9,66857.0,66856.9,66857.0,66856.9,0.09637066,15
2024-05-19 12:56:00+00:00,66856.9,66857.0,66856.9,66856.9,66856.9,0.10702769,16
2024-05-19 12:57:00+00:00,66856.9,66856.9,66856.9,66856.9,66856.9,0.0011851,3
2024-05-19 12:58:00+00:00,66857.0,66879.2,66857.0,66879.2,66861.7,0.9840661,12
2024-05-19 12:59:00+00:00,66879.2,66879.2,66879.1,66879.1,66879.1,0.10874635,8
2024-05-19 13:00:00+00:00,66879.2,66879.3,66879.0,66879.3,66879.1,3.49828841,35
2024-05-19 13:01:00+00:00,66879.2,66898.1,66879.2,66898.1,66885.8,0.08644325,11
2024-05-19 13:02:00+00:00,66893.0,66915.7,66893.0,66915.7,66905.1,0.03869511,11
2024-05-19 13:03:00+00:00,66915.8,66923.0,66915.8,66923.0,66915.9,0.01112107,8
2024-05-19 13:04:00+00:00,66923.0,66923.0,66918.0,66918.0,66918.0,5.27402099,19
2024-05-19 13:05:00+00:00,66918.0,66918.0,66917.0,66917.0,66917.2,0.29309935,15
2024-05-19 13:06:00+00:00,66901.2,66908.6,66888.0,66888.1,66889.1,0.03580658,14
2024-05-19 13:07:00+00:00,66888.0,66888.0,66879.0,66879.0,66887.8,8.14440194,20
2024-05-19 13:08:00+00:00,66857.1,66857.2,66857.0,66857.0,66857.1,0.07139295,10
2024-05-19 13:09:00+00:00,66857.0,66857.1,66857.0,66857.1,66857.0,0.83599042,24
2024-05-19 13:10:00+00:00,66857.1,66857.1,66850.0,66850.0,66852.3,0.3131904,13
2024-05-19 13:11:00+00:00,66850.0,66850.0,66825.0,66825.0,66828.9,1.72208196,131
2024-05-19 13:12:00+00:00,66825.0,66825.1,66825.0,66825.0,66825.0,0.08595029,6
2024-05-19 13:13:00+00:00,66825.1,66825.1,66825.0,66825.0,66825.0,0.01020913,2
2024-05-19 13:14:00+00:00,66825.1,66825.1,66825.0,66825.0,66825.0,0.00908028,8
2024-05-19 13:15:00+00:00,66825.0,66830.2,66825.0,66830.2,66826.8,0.12594018,14
2024-05-19 13:16:00+00:00,66830.2,66830.5,66830.2,66830.5,66830.4,0.368491,19
2024-05-19 13:17:00+00:00,66830.5,66855.7,66830.5,66855.7,66831.4,1.76800481,34
2024-05-19 13:18:00+00:00,66877.2,66883.9,66877.2,66883.9,66879.6,0.09857564,11
2024-05-19 13:19:00+00:00,66883.8,66883.9,66883.8,66883.8,66883.8,0.00704069,5
2024-05-19 13:20:00+00:00,66883.8,66891.8,66883.8,66891.8,66887.6,0.00570483,8
2024-05-19 13:21:00+00:00,66891.8,66900.0,66891.8,66900.0,66893.0,0.05747683,7
2024-05-19 13:22:00+00:00,66900.0,66900.0,66899.9,66899.9,66899.9,2.03260807,7
2024-05-19 13:23:00+00:00,66900.0,66912.6,66900.0,66904.8,66905.7,2.17555277,20
2024-05-19 13:24:00+00:00,66888.2,66888.2,66888.2,66888.2,66888.2,0.0003,1
2024-05-19 13:25:00+00:00,66879.1,66879.1,66837.2,66837.8,66838.8,3.00885252,17
2024-05-19 13:26:00+00:00,66835.5,66835.5,66825.0,66825.1,66825.1,6.40286172,67
2024-05-19 13:27:00+00:00,66825.1,66825.1,66820.6,66820.6,66824.9,1.08043241,16
2024-05-19 13:28:00+00:00,66820.6,66820.6,66820.0,66820.1,66820.3,0.01632975,8
2024-05-19 13:29:00+00:00,66820.1,66820.1,66820.0,66820.1,66820.0,0.01058658,4
2024-05-19 13:30:00+00:00,66820.1,66820.1,66763.4,66773.3,66777.2,8.93628741,78
2024-05-19 13:31:00+00:00,66773.3,66826.7,66773.3,66805.0,66778.4,2.16337644,31
2024-05-19 13:32:00+00:00,66804.9,66804.9,66762.1,66762.1,66765.3,0.67572775,16
2024-05-19 13:33:00+00:00,66762.0,66762.0,66732.4,66732.4,66733.2,16.56512201,74
2024-05-19 13:34:00+00:00,66732.5,66774.7,66732.4,66774.7,66732.7,0.89194506,18
2024-05-19 13:35:00+00:00,66774.7,66800.1,66774.6,66800.1,66791.4,0.05833243,12
2024-05-19 13:36:00+00:00,66818.0,66818.0,66803.8,66807.7,66816.5,0.02994084,9
2024-05-19 13:37:00+00:00,66807.6,66842.6,66807.6,66842.6,66823.4,0.13020814,13
2024-05-19 13:38:00+00:00,66842.6,66846.0,66842.6,66846.0,66843.4,0.00241907,4
2024-05-19 13:39:00+00:00,66845.9,66846.0,66845.9,66846.0,66845.9,0.27599117,7
2024-05-19 13:40:00+00:00,66846.0,66860.0,66846.0,66860.0,66857.3,0.40512299,14
2024-05-19 13:41:00+00:00,66860.0,66860.0,66860.0,66860.0,66860.0,0.25078741,5
2024-05-19 13:42:00+00:00,66860.0,66880.0,66860.0,66874.2,66861.5,1.01973639,16
2024-05-19 13:43:00+00:00,66874.2,66902.1,66874.2,66902.1,66885.9,0.12784569,20
2024-05-19 13:44:00+00:00,66902.1,66922.5,66902.1,66922.5,66916.4,0.07785072,15
2024-05-19 13:45:00+00:00,66924.8,66924.8,66924.7,66924.8,66924.7,0.02480742,14
2024-05-19 13:46:00+00:00,66924.8,66974.5,66924.7,66974.5,66925.1,5.1629199,38
2024-05-19 13:47:00+00:00,66974.5,66974.5,66974.4,66974.5,66974.4,0.00242889,7
2024-05-19 13:48:00+00:00,66979.5,67000.0,66979.5,67000.0,66993.2,0.15789919,13
2024-05-19 13:49:00+00:00,66999.9,67000.0,66999.9,66999.9,66999.9,0.00125862,5
2024-05-19 13:50:00+00:00,67000.0,67000.0,66999.9,66999.9,66999.9,0.00612707,5
2024-05-19 13:51:00+00:00,67000.0,67043.9,67000.0,67043.9,67001.6,0.9226013,20
2024-05-19 13:52:00+00:00,67043.9,67088.0,67043.9,67088.0,67084.3,0.09014281,14
2024-05-19 13:53:00+00:00,67088.0,67088.0,67087.9,67088.0,67087.9,0.73828815,14
2024-05-19 13:54:00+00:00,67093.1,67134.0,67093.1,67133.9,67116.4,0.11622247,8
2024-05-19 13:55:00+00:00,67134.0,67134.0,67084.7,67084.7,67101.6,0.94741556,29
2024-05-19 13:56:00+00:00,67084.6,67084.6,67057.5,67057.5,67058.0,0.31085941,23
2024-05-19 13:57:00+00:00,67057.4,67057.4,67031.4,67031.4,67031.4,0.50686018,30
2024-05-19 13:58:00+00:00,67030.1,67030.1,67000.0,67000.0,67010.9,0.00153556,11
2024-05-19 13:59:00+00:00,67000.1,67005.2,67000.1,67005.2,67004.7,0.02451208,7
2024-05-19 14:00:00+00:00,67005.1,67024.1,67005.1,67024.1,67019.1,0.02486712,11
2024-05-19 14:01:00+00:00,67036.8,67047.6,67036.8,67047.6,67037.0,0.04537244,9
2024-05-19 14:02:00+00:00,67047.6,67047.6,67047.5,67047.6,67047.5,0.0011498,4
2024-05-19 14:03:00+00:00,67047.5,67047.5,67020.1,67020.1,67034.6,0.000639,4
2024-05-19 14:04:00+00:00,67000.8,67023.7,67000.0,67023.7,67000.7,0.36514814,12
2024-05-19 14:05:00+00:00,67023.6,67025.6,67023.6,67025.6,67024.0,0.00337092,4
2024-05-19 14:06:00+00:00,67025.6,67025.7,67025.6,67025.7,67025.6,0.00210124,3
2024-05-19 14:07:00+00:00,67025.7,67025.7,67025.6,67025.7,67025.6,0.00511999,5
2024-05-19 14:08:00+00:00,67025.7,67064.9,67025.7,67064.9,67043.0,0.08738545,7
2024-05-19 14:09:00+00:00,67065.0,67078.3,67064.9,67078.3,67065.3,0.3491959,16
2024-05-19 14:10:00+00:00,67099.9,67100.0,67099.9,67099.9,67099.9,0.00353938,4
2024-05-19 14:11:00+00:00,67100.0,67100.0,67099.9,67099.9,67099.9,0.03859752,7
2024-05-19 14:12:00+00:00,67099.9,67100.0,67099.9,67100.0,67099.9,0.00426932,3
2024-05-19 14:13:00+00:00,67100.0,67100.0,67080.1,67084.7,67084.7,4.24989597,32
2024-05-19 14:14:00+00:00,67084.6,67084.6,67082.9,67082.9,67084.5,0.0157741,6
2024-05-19 14:15:00+00:00,67083.0,67083.4,67083.0,67083.4,67083.2,0.02117989,18
2024-05-19 14:16:00+00:00,67083.4,67085.3,67083.3,67085.3,67084.0,0.02686664,7
2024-05-19 14:17:00+00:00,67085.3,67100.0,67085.3,67100.0,67094.9,0.04400084,12
2024-05-19 14:18:00+00:00,67100.0,67100.0,67099.9,67099.9,67099.9,0.00178335,3
2024-05-19 14:19:00+00:00,67100.0,67100.0,67100.0,67100.0,67100.0,0.002,2
2024-05-19 14:20:00+00:00,67100.0,67101.0,67100.0,67101.0,67100.0,0.03391418,12
2024-05-19 14:21:00+00:00,67101.0,67101.0,67101.0,67101.0,67101.0,0.01073312,9
2024-05-19 14:22:00+00:00,67100.9,67101.0,67100.9,67101.0,67100.9,0.02593086,5
2024-05-19 14:23:00+00:00,67101.0,67101.0,67101.0,67101.0,67101.0,0.03179329,6
2024-05-19 14:24:00+00:00,67101.0,67101.0,67100.9,67100.9,67100.9,0.03792376,2
2024-05-19 14:25:00+00:00,67101.0,67101.0,67101.0,67101.0,67101.0,0.00270286,2
2024-05-19 14:26:00+00:00,67101.0,67101.0,67101.0,67101.0,67101.0,0.00072697,1
2024-05-19 14:27:00+00:00,67101.0,67101.0,67079.8,67079.8,67084.1,0.07892223,10
2024-05-19 14:28:00+00:00,67066.5,67066.5,67056.5,67056.5,67061.7,0.0424361,7
2024-05-19 14:29:00+00:00,67025.6,67025.6,67000.1,67000.1,67011.9,0.0750202,4
2024-05-19 14:30:00+00:00,67000.0,67000.1,67000.0,67000.1,67000.0,0.00310953,6
2024-05-19 14:31:00+00:00,67000.1,67000.1,67000.1,67000.1,67000.1,0.00528784,8
2024-05-19 14:32:00+00:00,67000.1,67005.2,67000.0,67005.2,67003.2,0.01009492,7
2024-05-19 14:33:00+00:00,67005.2,67018.2,67005.1,67018.2,67007.0,0.07368229,9
2024-05-19 14:34:00+00:00,67018.2,67026.9,67018.2,67026.8,67024.0,0.00614259,6
2024-05-19 14:35:00+00:00,67026.9,67026.9,67026.8,67026.8,67026.8,0.01704783,8
2024-05-19 14:36:00+00:00,67026.8,67026.8,67005.9,67006.0,67024.7,0.17305673,18
2024-05-19 14:37:00+00:00,67005.9,67005.9,67000.0,67000.1,67000.2,0.0578269,11
2024-05-19 14:38:00+00:00,67000.1,67000.1,67000.0,67000.1,67000.0,0.00427487,9
2024-05-19 14:39:00+00:00,67000.1,67005.3,67000.1,67005.3,67001.4,0.00217048,4
2024-05-19 14:40:00+00:00,67005.3,67005.3,67000.0,67000.1,67000.0,0.09294644,10
2024-05-19 14:41:00+00:00,67000.0,67000.1,67000.0,67000.1,67000.0,0.04840577,7
2024-05-19 14:42:00+00:00,67000.0,67000.1,66916.5,66916.5,66999.3,2.38766301,33
2024-05-19 14:43:00+00:00,66916.6,66934.3,66916.6,66934.3,66924.7,0.07705126,17
2024-05-19 14:44:00+00:00,66934.3,66934.3,66929.9,66929.9,66930.0,0.13823733,6
2024-05-19 14:45:00+00:00,66928.1,66936.4,66928.1,66936.4,66934.3,0.18873708,9
2024-05-19 14:46:00+00:00,66936.3,66939.4,66936.3,66939.4,66937.4,0.00220028,6
2024-05-19 14:47:00+00:00,66939.4,66939.4,66939.4,66939.4,66939.4,0.01175578,4
2024-05-19 14:48:00+00:00,66939.4,66939.4,66935.0,66935.1,66935.7,0.06193418,9
2024-05-19 14:49:00+00:00,66935.1,66935.1,66935.1,66935.1,66935.1,0.00057693,2
2024-05-19 14:50:00+00:00,66935.1,66935.1,66935.0,66935.1,66935.0,0.02047341,4
2024-05-19 14:51:00+00:00,66935.1,66935.1,66935.0,66935.1,66935.0,0.1902463,12
2024-05-19 14:52:00+00:00,66935.0,66935.1,66935.0,66935.0,66935.0,2.15413995,9
2024-05-19 14:53:00+00:00,66935.0,66935.0,66929.0,66929.1,66934.9,3.71161448,49
2024-05-19 14:54:00+00:00,66929.1,66929.1,66923.0,66923.1,66923.3,0.56612692,13
2024-05-19 14:55:00+00:00,66923.1,66923.1,66923.0,66923.0,66923.0,0.05883083,4
2024-05-19 14:56:00+00:00,66923.1,66923.1,66923.0,66923.0,66923.0,0.753172,39
2024-05-19 14:57:00+00:00,66923.0,66923.1,66923.0,66923.1,66923.0,0.03740803,7
2024-05-19 14:58:00+00:00,66923.1,66934.0,66923.1,66934.0,66924.1,0.1633941,12
2024-05-19 14:59:00+00:00,66934.0,66934.0,66933.9,66934.0,66933.9,0.02425147,8
2024-05-19 15:00:00+00:00,66934.0,66934.0,66927.8,66927.8,66927.8,1.00777896,11
2024-05-19 15:01:00+00:00,66927.7,66927.7,66923.0,66923.1,66923.3,0.1624585,18
2024-05-19 15:02:00+00:00,66923.1,66923.1,66909.6,66909.6,66922.9,3.60948007,31
2024-05-19 15:03:00+00:00,66909.6,66909.6,66859.1,66864.3,66899.6,1.08515403,23
2024-05-19 15:04:00+00:00,66864.3,66890.1,66864.2,66890.0,66880.3,0.14711668,15
2024-05-19 15:05:00+00:00,66890.1,66923.9,66890.0,66923.9,66913.7,0.25852792,14
2024-05-19 15:06:00+00:00,66923.8,66923.8,66908.9,66909.1,66911.6,0.21741416,16
2024-05-19 15:07:00+00:00,66900.8,66900.8,66868.3,66868.3,66869.8,0.03086006,7
2024-05-19 15:08:00+00:00,66868.4,66878.5,66868.4,66878.5,66873.8,0.00433045,5
2024-05-19 15:09:00+00:00,66878.5,66878.5,66878.4,66878.5,66878.4,0.01229351,7
2024-05-19 15:10:00+00:00,66878.4,66902.6,66878.4,66899.8,66897.9,0.25836847,19
2024-05-19 15:11:00+00:00,66899.7,66899.8,66853.8,66853.8,66892.5,0.07108265,17
2024-05-19 15:12:00+00:00,66853.8,66853.8,66851.0,66851.1,66851.2,0.02460502,16
2024-05-19 15:13:00+00:00,66851.1,66851.1,66830.0,66830.0,66846.6,0.35693149,11
2024-05-19 15:14:00+00:00,66830.0,66830.0,66800.0,66800.1,66810.3,0.38705088,14
2024-05-19 15:15:00+00:00,66800.0,66800.1,66800.0,66800.1,66800.0,0.12442151,14
2024-05-19 15:16:00+00:00,66800.1,66800.1,66800.0,66800.0,66800.0,0.24561825,6
2024-05-19 15:17:00+00:00,66800.0,66826.7,66800.0,66826.7,66816.5,1.55768401,36
2024-05-19 15:18:00+00:00,66826.8,66838.5,66826.8,66838.5,66830.6,0.07674807,11
2024-05-19 15:19:00+00:00,66846.3,66857.4,66846.2,66857.4,66852.1,0.09619523,20
2024-05-19 15:20:00+00:00,66875.6,66878.2,66875.6,66878.2,66877.9,0.56899641,11
2024-05-19 15:21:00+00:00,66878.2,66878.2,66878.1,66878.2,66878.1,0.01306146,7
2024-05-19 15:22:00+00:00,66878.1,66880.7,66878.1,66880.7,66878.2,0.24609839,7
2024-05-19 15:23:00+00:00,66880.6,66887.1,66880.6,66887.1,66881.1,0.03470964,10
2024-05-19 15:24:00+00:00,66888.6,66891.1,66881.7,66881.8,66889.8,0.25856042,18
2024-05-19 15:25:00+00:00,66881.8,66889.3,66881.8,66884.1,66885.5,0.32173762,12
2024-05-19 15:26:00+00:00,66884.1,66887.0,66884.0,66887.0,66884.1,0.2471644,8
2024-05-19 15:27:00+00:00,66887.0,66894.4,66887.0,66894.4,66893.8,0.02762932,5
2024-05-19 15:28:00+00:00,66894.4,66896.3,66894.4,66896.2,66895.0,0.26656786,13
2024-05-19 15:29:00+00:00,66896.3,66896.3,66896.2,66896.3,66896.2,0.62844028,10
2024-05-19 15:30:00+00:00,66896.3,66896.3,66896.2,66896.3,66896.2,0.98243441,16
2024-05-19 15:31:00+00:00,66896.3,66941.3,66896.3,66941.3,66911.1,0.22411381,33
2024-05-19 15:32:00+00:00,66941.3,66946.4,66941.3,66946.4,66942.3,0.2434933,14
2024-05-19 15:33:00+00:00,66949.8,66951.6,66949.8,66951.6,66949.9,1.62646264,18
2024-05-19 15:34:00+00:00,66951.6,66951.8,66951.6,66951.8,66951.7,0.30708585,13
2024-05-19 15:35:00+00:00,66951.8,66951.8,66951.7,66951.8,66951.7,0.25486499,7
2024-05-19 15:36:00+00:00,66951.8,66951.8,66951.7,66951.8,66951.7,0.00807695,6
2024-05-19 15:37:00+00:00,66951.8,66951.8,66951.8,66951.8,66951.8,0.25246574,4
2024-05-19 15:38:00+00:00,66951.8,66951.8,66951.7,66951.7,66951.7,0.29380126,10
2024-05-19 15:39:00+00:00,66951.7,66951.8,66951.7,66951.7,66951.7,0.23502471,7
2024-05-19 15:40:00+00:00,66951.8,66951.8,66951.7,66951.8,66951.7,0.24178342,4
2024-05-19 15:41:00+00:00,66951.8,66951.8,66951.7,66951.8,66951.7,0.26649874,7
2024-05-19 15:42:00+00:00,66951.8,66951.8,66900.0,66900.0,66948.8,1.65516747,27
2024-05-19 15:43:00+00:00,66900.1,66900.1,66900.0,66900.0,66900.0,0.04389219,7
2024-05-19 15:44:00+00:00,66900.1,66900.1,66900.0,66900.0,66900.0,3.44801195,21
2024-05-19 15:45:00+00:00,66900.0,66900.0,66811.9,66811.9,66897.5,3.58106096,22
2024-05-19 15:46:00+00:00,66811.9,66813.2,66811.9,66813.2,66813.1,0.04959945,10
2024-05-19 15:47:00+00:00,66813.2,66820.4,66813.2,66820.4,66819.9,0.02893934,9
2024-05-19 15:48:00+00:00,66820.4,66820.4,66820.3,66820.3,66820.3,0.00812773,8
2024-05-19 15:49:00+00:00,66820.4,66823.4,66820.4,66823.4,66823.3,0.03543877,12
2024-05-19 15:50:00+00:00,66823.4,66829.3,66823.4,66829.3,66826.9,0.03387426,9
2024-05-19 15:51:00+00:00,66829.2,66829.3,66829.2,66829.3,66829.2,0.13277739,7
2024-05-19 15:52:00+00:00,66829.3,66829.3,66829.2,66829.2,66829.2,0.00132738,3
2024-05-19 15:53:00+00:00,66829.3,66829.3,66829.3,66829.3,66829.3,0.00064482,2
2024-05-19 15:54:00+00:00,66829.3,66829.3,66829.2,66829.3,66829.2,0.07894257,8
2024-05-19 15:55:00+00:00,66829.3,66829.3,66829.2,66829.3,66829.2,0.00724604,6
2024-05-19 15:56:00+00:00,66829.3,66829.3,66829.2,66829.3,66829.2,0.8172486,9
2024-05-19 15:57:00+00:00,66829.3,66831.9,66829.2,66831.9,66829.5,0.21568353,15
2024-05-19 15:58:00+00:00,66831.9,66906.9,66831.9,66901.6,66891.6,1.07877074,28
2024-05-19 15:59:00+00:00,66901.6,66901.7,66901.6,66901.6,66901.6,0.00234087,9
2024-05-19 16:00:00+00:00,66901.7,66901.7,66901.6,66901.6,66901.6,0.01751739,16
2024-05-19 16:01:00+00:00,66901.7,66901.7,66901.7,66901.7,66901.7,0.06376523,5
